VehicleId,DepotId,InitialLoad,RouteSequence,ClientsServed,DemandsSatisfied,TotalDistance,TotalTime,FuelCost,TotalCost
V001,CDA,101,CDA-C006-C004-C001-C002-C009-C007-C008-C003-C005-CDA,9,11-6-12-15-15-12-10-15-5,52.856706860018996,1.1745934857781997,27207.294373209777,218275.9720151716
