VehicleId,DepotId,InitialLoad,RouteSequence,ClientsServed,DemandsSatisfied,TotalDistance,TotalTime,FuelCost,TotalCost
V001,CDA,53,CDA-C024-C016-C010-C015-CDA,4,11-10-15-17,45.83263116703929,1.0185029148230953,24902.396267424683,24902.396267424683
V002,CDA,40,CDA-C005-C008-CDA,2,20-20,22.100103888904563,0.4911134197534347,12007.72311297148,12007.72311297148
V003,CDA,51,CDA-C013-C022-C003-CDA,3,21-18-12,31.051125518835473,0.6900250115296773,16871.11153190061,16871.11153190061
V004,CDA,53,CDA-C004-C001-C017-CDA,3,15-13-25,35.414462018436396,0.7869880448541422,19241.857696683775,19241.857696683775
V005,CDA,49,CDA-C018-C009-C011-CDA,3,12-20-17,36.78429939019068,0.8174288753375708,19986.136002003605,19986.136002003605
V006,CDA,55,CDA-C012-C019-C002-C006-CDA,4,12-11-15-17,32.94333047754651,0.7320740106121447,17899.209559466937,17899.209559466937
V007,CDA,46,CDA-C021-C007-C020-CDA,3,14-17-15,35.6118449798136,0.7913743328847467,19349.102439032056,19349.102439032056
V008,CDA,30,CDA-C023-C014-CDA,2,15-15,9.170683976160392,0.2037929772480087,4982.738293713814,4982.738293713814
