VehicleId,DepotId,InitialLoad,RouteSequence,ClientsServed,DemandsSatisfied,TotalDistance,TotalTime,FuelCost,TotalCost
V001,CDA,6,CDA-C004-CDA,1,6,25.030794970747163,0.5562398882388259,12884.272358626697,129688.68293610968
V002,CDA,12,CDA-C001-CDA,1,12,26.457665040513227,0.5879481120114051,13618.734952432596,134231.30320500233
V003,CDA,12,CDA-C007-CDA,1,12,30.623996881379572,0.6805332640306572,15763.299447362748,147495.34445744468
V004,CDA,15,CDA-C002-CDA,1,15,31.587956683341293,0.7019545929631399,16259.485071740939,150564.23168661405
V005,CDA,15,CDA-C009-CDA,1,15,26.84291177614167,0.596509150580926,13817.035640561342,135457.78462533056
V006,CDA,10,CDA-C008-CDA,1,10,21.74097689870914,0.4831328199713142,11190.88179312502,119215.13347167986
V007,CDA,11,CDA-C006-CDA,1,11,17.427786036747083,0.3872841341499352,8970.723549441393,105483.54806084861
V008,CDA,20,CDA-C005-C003-CDA,2,5-15,12.040429772219106,0.2675651060493135,6197.652798542255,88332.2220350648
